FID,ID,Nimi,Namn,Name,Osoite,Adress,Kaupunki,Stad,Operaattor,Kapasiteet,x,y,x2,y2
1,501,Hanasaari,Hanaholmen,Hanasaari,Hanasaarenranta 1,Hanaholmsstranden 1,Espoo,Esbo,CityBike Finland,10,24.840319,60.16582,25491134.4328546,6672558.15497868
2,503,Keilalahti,Kägelviken,Keilalahti,Keilalahdentie 2,Kägelviksvägen 2,Espoo,Esbo,CityBike Finland,28,24.827467,60.171524,25490422.544704,6673195.46003713
3,505,Westendinasema,Westendstationen,Westendinasema,Westendintie 1,Westendvägen 1,Espoo,Esbo,CityBike Finland,16,24.805758,60.168266,25489216.3940842,6672835.81660719
4,507,Golfpolku,Golfstigen,Golfpolku,Golfpolku 3,Golfstigen 3,Espoo,Esbo,CityBike Finland,16,24.796136,60.168143,25488682.1746227,6672823.72248403
5,509,Revontulentie,Norrskensvägen,Revontulentie,Revontulentie 10,Norrskensvägen 10,Espoo,Esbo,CityBike Finland,30,24.802938,60.171551,25489060.9303238,6673202.27811266
6,511,Sateentie,Regnvägen,Sateentie,Sateentie 2,Regnvägen 2,Espoo,Esbo,CityBike Finland,18,24.810688,60.173424,25489491.7363984,6673409.69984663
7,513,Hakalehto,Hagliden,Hakalehto,Merituulentie 18,Havsvindsvägen 18,Espoo,Esbo,CityBike Finland,24,24.79139,60.173567,25488420.6024371,6673428.85916561
8,515,Oravannahkatori,Gråskinnstorget,Oravannahkatori,Oravannahkatori 1,Gråskinnstorget 1,Espoo,Esbo,CityBike Finland,16,24.792559,60.175769,25488486.2610336,6673673.99035168
9,517,Länsituuli,Västanvinden,Länsituuli,Länsituulenkuja 3,Västanvindsgränden 3,Espoo,Esbo,CityBike Finland,24,24.802049,60.175358,25489012.8526253,6673626.58219299
10,518,Tuulimäki,Väderbacken,Tuulimäki,Itätuulenkuja 11,Östanvindsgränden 11,Espoo,Esbo,CityBike Finland,18,24.806051,60.174144,25489234.5835072,6673490.66541077
11,519,Tapionaukio,Tapioplatsen,Tapionaukio,Tapionaukio 9,Tapioplatsen 9,Espoo,Esbo,CityBike Finland,26,24.805825,60.176168,25489222.7020893,6673716.20610178
12,521,Kulttuuriaukio,Kulturplatsen,Kulttuuriaukio,Kulttuuriaukio 2,Kulturplatsen 2,Espoo,Esbo,CityBike Finland,30,24.803942,60.177588,25489118.6597923,6673874.72411541
13,523,Ahertajantie,Flitarvägen,Ahertajantie,Ahertajantie 1,Flitargränden 1,Espoo,Esbo,CityBike Finland,20,24.797984,60.17875,25488788.3838152,6674005.18488677
14,525,Mäntyviita,Tallbysket,Mäntyviita,Mäntyviita 2,Tallbysket 2,Espoo,Esbo,CityBike Finland,10,24.810974,60.178702,25489509.2946636,6673997.70257838
15,527,Otsolahti,Björnviken,Otsolahti,Otsolahdentie 18,Björnviksvägen 18,Espoo,Esbo,CityBike Finland,18,24.817423,60.178655,25489867.1909557,6673991.45911063
16,529,Keilaniemi (M),Kägeludden (M),Keilaniemi (M),Keilaniementie 4,Kägeluddsvägen 4,Espoo,Esbo,CityBike Finland,40,24.82895,60.175233,25490505.9374452,6673608.48406179
17,531,Keilaranta,Kägelstranden,Keilaranta,Keilaranta 13,Kägelstranden 13,Espoo,Esbo,CityBike Finland,24,24.835132,60.178762,25490850.0479726,6674000.79516132
18,532,Betonimies,Betongblandaren,Betonimies,Betonimiehenkuja 1,Betongblandargränden 1,Espoo,Esbo,CityBike Finland,16,24.831804,60.180027,25490665.707675,6674142.20099677
19,533,Tekniikantie,Teknikvägen,Tekniikantie,Tekniikantie 3,Teknikvägen 3,Espoo,Esbo,CityBike Finland,18,24.824747,60.180806,25490274.2996785,6674230.01173232
20,537,Innopoli,Innopoli,Innopoli,Tekniikantie 14,Teknikvägen 14,Espoo,Esbo,CityBike Finland,20,24.81422,60.185096,25489691.4473553,6674709.57937729
21,538,Hagalundinpuisto,Hagalundinpuisto,Hagalundsparken,Tekniikantie 15,Teknikvägen 15,Espoo,Esbo,CityBike Finland,14,24.817403,60.18363,25489867.6135852,6674545.75217609
22,539,"Aalto-yliopisto (M), Tietot","Aalto-universitetet (M),","Aalto University (M), Tietotie",Tietotie 4,Datavägen 4,Espoo,Esbo,CityBike Finland,20,24.820099,60.184987,25490017.6274197,6674696.5319127
23,541,"Aalto-yliopisto (M), Korkea","Aalto-universitetet (M),","Aalto University (M), Korkeakoulua",Otaniementie 10,Otnäsvägen 10,Espoo,Esbo,CityBike Finland,42,24.826671,60.184312,25490382.097535,6674620.35137288
24,543,Otaranta,Oststranden,Otaranta,Otaranta 6,Otstranden 6,Espoo,Esbo,CityBike Finland,22,24.837133,60.18483,25490962.7679687,6674676.58669982
25,545,Sähkömies,Strömkarlen,Sähkömies,Otakaari 3,Otsvängen 3,Espoo,Esbo,CityBike Finland,12,24.829985,60.188499,25490567.1897914,6675086.36877264
26,547,Jämeräntaival,Bistervägen,Jämeräntaival,Otakaari 18,Otsvängen 18,Espoo,Esbo,CityBike Finland,30,24.835033,60.188118,25490847.1576114,6675043.20917584
27,549,Maarinranta,Marstranden,Maarinranta,Maarinrannantie 4,Marstrandvägen 4,Espoo,Esbo,CityBike Finland,12,24.810193,60.187529,25489468.7769099,6674981.28785394
28,551,Tietäjä,Siaren,Tietäjä,Valkjärventie 4,Valkjärvivägen 4,Espoo,Esbo,CityBike Finland,20,24.807083,60.189143,25489296.7478141,6675161.61197222
29,553,Metsänneidonpolku,Skogsjungfrustigen,Metsänneidonpolku,Metsänneidonpolku 5,Skogsjungfrustigen 5,Espoo,Esbo,CityBike Finland,19,24.806152,60.186731,25489244.3061044,6674893.02988987
30,555,Kalevalantie,Kalevalavägen,Kalevalantie,Kalevalantie 7,Kalevalavägen 7,Espoo,Esbo,CityBike Finland,21,24.804022,60.184765,25489125.4728111,6674674.33662054
31,557,Louhentori,Louhitorget,Louhentori,Louhentie 16,Louhivägen 16,Espoo,Esbo,CityBike Finland,16,24.796959,60.18715,25488734.3753077,6674941.24565739
32,559,Pohjankulma,Norrhörnet,Pohjankulma,Louhentie 2,Louhivägen 2,Espoo,Esbo,CityBike Finland,25,24.794014,60.18288,25488569.4898886,6674466.0094033
33,561,Koivu-Mankkaa,Björkmankans,Koivu-Mankkaa,Urpu 6,Hänget 6,Espoo,Esbo,CityBike Finland,23,24.78576,60.182976,25488111.4972822,6674478.16255195
34,563,Mankkaanlaaksontie,Mankansdalsvägen,Mankkaanlaaksontie,Mankkaanlaaksontie 1,Mankansdalsvägen 1,Espoo,Esbo,CityBike Finland,26,24.780478,60.188706,25487820.5140536,6675117.53327255
35,565,Mankkaanaukio,Mankansplatsen,Mankkaanaukio,Mankkaantie 3,Mankasvägen 3,Espoo,Esbo,CityBike Finland,20,24.769021,60.194599,25487187.1569038,6675776.27064405
36,571,Tapiolan urheilupuisto,Hagalunds idrottspark,Tapiola Sports Park,Urheilupuistontie 3,Idrottsparksvägen 3,Espoo,Esbo,CityBike Finland,32,24.784654,60.177749,25488048.2247905,6673895.99623137
37,573,Urheilupuisto (M),Idrottsparken (M),Sports Park (M),Jousenpuistonkatu 4,Bågparksgatan 4,Espoo,Esbo,CityBike Finland,28,24.779428,60.17465,25487757.0275825,6673551.67882737
38,575,Tontunmäentie,Tomtekullavägen,Tontunmäentie,Tontunmäentie 25,Tomtekullavägen 25,Espoo,Esbo,CityBike Finland,16,24.769667,60.176107,25487215.8054049,6673715.85971258
39,577,Olarinluoma,Olarsbäcken,Olarinluoma,Olarinluoma 19,Olarsbäcken 19,Espoo,Esbo,CityBike Finland,18,24.760606,60.180848,25486714.8080651,6674245.86588216
40,579,Niittymaa,Ängsmalmen,Niittymaa,Niittymaantie 2,Ängsmalmsvägen 2,Espoo,Esbo,CityBike Finland,21,24.775913,60.171127,25487560.594245,6673159.82131502
41,581,Niittykumpu (M),Ängskulla (M),Niittykumpu (M),Merituulentie 38,Havsvindsvägen 38,Espoo,Esbo,CityBike Finland,35,24.763184,60.170758,25486853.8429104,6673121.17482907
42,583,Haukilahdenkatu,Gäddviksgatan,Haukilahdenkatu,Ahventie 2,Abborrvägen 2,Espoo,Esbo,CityBike Finland,16,24.772708,60.166481,25487380.8989888,6672642.79654064
43,585,Haukilahdenaukio,Gäddviksplatsen,Haukilahdenaukio,Haukilahdenranta 2,Gäddviksstranden 2,Espoo,Esbo,CityBike Finland,16,24.775882,60.162396,25487555.5725813,6672187.06552386
44,587,Hauenkallio,Gäddberget,Hauenkallio,Hauenkalliontie 12,Gäddbergsvägen 12,Espoo,Esbo,CityBike Finland,12,24.767831,60.162477,25487108.5638449,6672197.63419849
45,589,Haukilahdenranta,Gäddviksstranden,Haukilahdenranta,Haukilahdenranta 13,Gäddviksstranden 13,Espoo,Esbo,CityBike Finland,16,24.769864,60.158048,25487219.7288126,6671703.78409227
46,591,Mellstenintie,Mellstensvägen,Mellstenintie,Mellstenintie 17,Mellstensvägen 17,Espoo,Esbo,CityBike Finland,25,24.773993,60.154941,25487447.8418749,6671356.82750553
47,593,Toppelundintie,Toppelundsvägen,Toppelundintie,Toppelundintie 11,Toppelundsvägen 11,Espoo,Esbo,CityBike Finland,12,24.782477,60.1591405,25487920.5726882,6671823.13101073
48,595,Westendintie,Westendvägen,Westendintie,Westendintie 34,Westendvägen 34,Espoo,Esbo,CityBike Finland,16,24.791754,60.158194,25488435.4068652,6671716.0167477
49,596,Toppelundinportti,Toppelundsporten,Toppelundinportti,Haukilahdenkatu 2,Gäddviksgatan 2,Espoo,Esbo,CityBike Finland,20,24.7848628,60.1624471,25488054.2598766,6672191.10068621
50,597,Linnakepolku,Fortstigen,Linnakepolku,Westendintie 99,Westendvägen 99,Espoo,Esbo,CityBike Finland,10,24.790132,60.1637,25488347.2811234,6672329.75084412
51,601,Nokkala,Nokkala,Nokkala,Nokkalanniemi 2,Nokkalaparken 2,Espoo,Esbo,CityBike Finland,18,24.754344,60.147974,25486353.6765885,6670584.49983373
52,603,Matinlahdenranta,Mattviksstranden,Matinlahdenranta,Rantamäki 2,Strandbacken 2,Espoo,Esbo,CityBike Finland,20,24.754196,60.151041,25486346.7266056,6670926.23809737
53,607,Nuottaniementie,Notuddsvägen,Nuottaniementie,Nuottatie 1,Notvägen 1,Espoo,Esbo,CityBike Finland,15,24.741546,60.147921,25485642.7200478,6670581.30744814
54,609,Sepetlahdentie,Sepetviksvägen,Sepetlahdentie,Sepetlahdentie 11,Sepetviksvägen 11,Espoo,Esbo,CityBike Finland,10,24.741234,60.152343,25485627.3182045,6671074.0491653
55,611,Matinkartanontie,Mattgårdvägen,Matinkartanontie,Matinkartanontie 2,Mattsgårdsvägen 2,Espoo,Esbo,CityBike Finland,21,24.752489,60.156258,25486254.0888587,6671507.84090193
56,613,Matinkyläntie,Mattbyvägen,Matinkyläntie,Joosepinkuja 1,Josefsgränden 1,Espoo,Esbo,CityBike Finland,15,24.744978,60.155689,25485836.7103256,6671446.03284882
57,615,Tiistiläntie,Distbyvägen,Tiistiläntie,Tiistiläntie 6,Distbyvägen 6,Espoo,Esbo,CityBike Finland,24,24.737664,60.156755,25485430.9819901,6671566.3912562
58,617,Tiistinkallio,Distberget,Tiistinkallio,Kalastajantie 29,Fiskarvägen 29,Espoo,Esbo,CityBike Finland,12,24.729112,60.153737,25484954.6633718,6671232.05987765
59,619,Etuniementie,Framnäsvägen,Etuniementie,Kalastajantie 6,Fiskarvägen 6,Espoo,Esbo,CityBike Finland,10,24.724835,60.160645,25484720.3224256,6672002.69173935
60,621,Hauenkalliontie,Gäddbergsvägen,Hauenkalliontie,Hauenkalliontie 22,Gäddbergsvägen 22,Espoo,Esbo,CityBike Finland,12,24.756272,60.161138,25486466.1892255,6672050.76231209
61,623,Nelikkotie,Fjärdingsvägen,Nelikkotie,Nelikkotie 14,Fjärdingsvägen 14,Espoo,Esbo,CityBike Finland,16,24.74663,60.161588,25485930.979037,6672102.91350608
62,625,Suomenlahdentie,Finnviksvägen,Suomenlahdentie,Suomenlahdentie 2,Finnviksvägen 2,Espoo,Esbo,CityBike Finland,32,24.741294,60.160015,25485633.9984984,6671928.80711948
63,627,Piispansilta,Biskopsbron,Piispansilta,Piispansilta 11,Biskopsknuten 11,Espoo,Esbo,CityBike Finland,44,24.738416,60.162403,25485475.2367395,6672195.49421905
64,629,Piispanportti,Biskopsporten,Piispanportti,Piispanportti 4,Biskopsporten 4,Espoo,Esbo,CityBike Finland,16,24.732688,60.165603,25485158.6267675,6672553.293869
65,631,Friisilänaukio,Frisansplatsen,Friisilänaukio,Friisiläntie 2,Frisansvägen 2,Espoo,Esbo,CityBike Finland,12,24.721367,60.162842,25484528.7806798,6672248.27639857
66,633,Avaruuskatu,Rymdgatan,Avaruuskatu,Avaruuskatu 1,Rymdgatan 2,Espoo,Esbo,CityBike Finland,16,24.724908,60.168971,25484728.239583,6672930.31144774
67,635,Kuunkatu,Mångatan,Kuunkatu,Kuunkatu 3,Mångatan 3,Espoo,Esbo,CityBike Finland,24,24.726025,60.172673,25484791.9606952,6673342.51033048
68,637,Ruomelantie,Romensvägen,Ruomelantie,Ruomelantie 19,Romensvägen 19,Espoo,Esbo,CityBike Finland,12,24.729314,60.174524,25484975.3738835,6673547.98595481
69,639,Itäportti,Österporten,Itäportti,Ruomelantie 5,Romensvägen 5,Espoo,Esbo,CityBike Finland,18,24.738122,60.174914,25485464.438971,6673589.46648763
70,641,Komeetankatu,Kometgatan,Komeetankatu,Komeetankatu 2,Kometgatan 2,Espoo,Esbo,CityBike Finland,16,24.735969,60.167216,25485341.5082252,6672732.27275898
71,643,Auringonkatu,Solgatan,Auringonkatu,Auringonkatu 2,Solbanan 2,Espoo,Esbo,CityBike Finland,20,24.731472,60.171548,25485093.8066951,6673215.92710886
72,645,Piispankallio,Biskopsberget,Piispankallio,Piispankallio 2,Biskopsberget 2,Espoo,Esbo,CityBike Finland,16,24.743532,60.168441,25485761.9199328,6672867.10114579
73,647,Lystimäki,Lustikulla,Lystimäki,Lystimäentie 2,Lustikullavägen 2,Espoo,Esbo,CityBike Finland,12,24.745666,60.172814,25485882.2669125,6673353.85919543
74,649,Lystimäensilta,Lustikullabron,Lystimäensilta,Vuosikuja 2,Årsgränden 2,Espoo,Esbo,CityBike Finland,15,24.752442,60.17471,25486259.1840429,6673563.67233826
75,651,Suurpellonaukio,Storåkersplatsen,Suurpellonaukio,Suurpellon puistokatu 4,Storaåkerns parkgata 4,Espoo,Esbo,CityBike Finland,24,24.744131,60.184596,25485802.1473636,6674666.87698897
76,653,Lukutori,Lukutorget,Lukutori,Suurpellon puistokatu 18,Storaåkerns parkgata 18,Espoo,Esbo,CityBike Finland,14,24.742571,60.187052,25485716.6519159,6674940.84833489
77,701,Gallen-Kallelan tie,Gallen-Kallelas väg,Gallen-Kallelan tie,Gallen-Kallelan tie 29,Gallen-Kallelas vägen 29,Espoo,Esbo,CityBike Finland,10,24.840699,60.206142,25491166.368012,6677050.58872806
78,703,Elfvik,Elfvik,Elfvik,Elfvikintie 4,Elfviksvägen 4,Espoo,Esbo,CityBike Finland,10,24.8231,60.203852,25490189.7780816,6676797.93200468
79,705,Laajalahden keskus,Bredviks centrum,Laajalahden keskus,Kirvuntie 22,Kirvusvägen 22,Espoo,Esbo,CityBike Finland,19,24.80493,60.203892,25489182.1519036,6676805.22706987
80,707,Majurinkulma,Majorshörnet,Majurinkulma,Itsehallintotie 8,Självstyrelsevägen 8,Espoo,Esbo,CityBike Finland,24,24.824954,60.210735,25490294.6271639,6677564.5311339
81,709,Yhdyskunnankuja,Samhällsgränden,Yhdyskunnankuja,Yhdyskunnankuja 1,Samhällsgränden 1,Espoo,Esbo,CityBike Finland,20,24.819549,60.212508,25489995.4889981,6677762.87782941
82,711,Kirjurinkuja,Skrivargränden,Kirjurinkuja,Kirjurinkuja 1,Skrivargränden 1,Espoo,Esbo,CityBike Finland,26,24.826368,60.215751,25490374.4956934,6678123.18498022
83,713,Upseerinkatu,Officersgatan,Upseerinkatu,Upseerinkatu 3,Officersgatan 3,Espoo,Esbo,CityBike Finland,30,24.819396,60.216067,25489988.0912191,6678159.42929288
84,715,Komentajankatu,Kommendörsgatan,Komentajankatu,Perkkaantie 5,Bergansvägen 5,Espoo,Esbo,CityBike Finland,12,24.821932,60.216222,25490128.7224999,6678176.31681745
85,719,Säteri,Säteri,Säteri,Säterinkatu 6,Säterigatan 6,Espoo,Esbo,CityBike Finland,32,24.811572,60.213443,25489553.528643,6677868.28697306
86,721,Säterinrinne,Säteribrinken,Säterinrinne,Ruusutorpantie 1,Rosatorpsvägen 1,Espoo,Esbo,CityBike Finland,16,24.805613,60.214193,25489223.4076318,6677952.80651018
87,723,Säterinniitty,Säteriängen,Säterinniitty,Säterinpuistontie 16,Säteriparksvägen 16,Espoo,Esbo,CityBike Finland,10,24.800486,60.214666,25488939.3324716,6678006.35404331
88,725,Rummunlyöjänkatu,Trumslagargatan,Rummunlyöjänkatu,Leppävaarankatu 13,Albergagatan 13,Espoo,Esbo,CityBike Finland,20,24.806279,60.217261,25489261.3328988,6678294.52111253
89,727,Ratsutori,Ryttartorget,Ratsutori,Leppävaarankatu 1,Albergagatan 1,Espoo,Esbo,CityBike Finland,33,24.812419,60.217311,25489601.7108716,6678299.10893438
90,729,Leppävaaranaukio,Albergaplanen,Leppävaaranaukio,Hevosenkenkä 3,Hästskon 3,Espoo,Esbo,CityBike Finland,30,24.813885,60.218869,25489683.465766,6678472.46456453
91,731,Leppävaarankäytävä,Albergapassagen,Leppävaarankäytävä,Läkkisepänkuja 3,Bleckslagargränden 3,Espoo,Esbo,CityBike Finland,21,24.813437,60.220254,25489659.0688395,6678626.8454219
92,733,Läkkitori,Blecktorget,Läkkitori,Läkkisepänkuja 3,Bleckslagargränden 3,Espoo,Esbo,CityBike Finland,25,24.813109,60.221019,25489641.1295875,6678712.1298806
93,735,Armas Launiksen katu,Armas Launis gata,Armas Launiksen katu,Armas Launiksen katu 8,Armas Launis gata 8,Espoo,Esbo,CityBike Finland,20,24.818128,60.221781,25489919.5528177,6678796.25167149
94,737,Muurarinkuja,Murargränden,Muurarinkuja,Muurarinkuja 4,Murargränden 4,Espoo,Esbo,CityBike Finland,19,24.812271,60.223769,25489595.5529061,6679018.6550049
95,739,Postipuun koulu,Postipuun koulu,Postipuun koulu,Mäkkylän puistotie 14,Mäkkyläallén 14,Espoo,Esbo,CityBike Finland,16,24.826396,60.223827,25490378.4142043,6679022.97454129
96,741,Gransinmäki,Gransbacken,Gransinmäki,Vanha maantie 6,Gamla landsvägen 6,Espoo,Esbo,CityBike Finland,20,24.804898,60.222154,25489186.3903445,6678839.90351256
97,745,Leppävaaran urheilupuisto,Alberga idrottspark,Leppävaaran urheilupuisto,Veräjäpellonkatu 17,Grindåkersgatan 17,Espoo,Esbo,CityBike Finland,32,24.800971,60.224943,25488969.6720758,6679151.29177177
98,747,Leppävaaran uimahalli,Alberga simhall,Leppävaaran uimahalli,Veräjäpellonkatu 12,Grindåkersgatan 12,Espoo,Esbo,CityBike Finland,18,24.804735,60.226379,25489178.7484849,6679310.66182285
99,749,Vallikatu,Vallgatan,Vallikatu,Vallikatu 19,Vallgatan 19,Espoo,Esbo,CityBike Finland,24,24.813871,60.228463,25489685.703742,6679541.38977032
100,751,Vallipolku,Vallgången,Vallipolku,Vallikatu 12,Vallgatan 12,Espoo,Esbo,CityBike Finland,20,24.819614,60.227827,25490003.7565947,6679469.64572508
101,753,Linnuntie,Fågelvägen,Linnuntie,Linnuntie 2,Fågelsvägen 2,Espoo,Esbo,CityBike Finland,24,24.813954,60.234401,25489692.1679304,6680202.96450148
102,755,Kutsuntatie,Uppbådsvägen,Kutsuntatie,Lintulaaksontie 2,Fågeldalsvägen 2,Espoo,Esbo,CityBike Finland,16,24.824561,60.230453,25490278.6759961,6679761.48500391
103,757,Painiitty,Pajängen,Painiitty,Lotankatu 1,Lottagatan 1,Espoo,Esbo,CityBike Finland,12,24.831397,60.235089,25490658.7873028,6680277.02235536
104,761,Mäkkylän asema,Mäkkylä station,Mäkkylän asema,Perkkaantie 20,Bergansvägen 20,Espoo,Esbo,CityBike Finland,32,24.83939,60.220467,25491097.6637041,6678646.79425245
105,763,Kalkkipellonmäki,Kalkåkersbacken,Kalkkipellonmäki,Turuntie 22,Åbovägen 22,Espoo,Esbo,CityBike Finland,24,24.833536,60.220551,25490773.2105983,6678656.95701807
106,767,Ruutikatu,Krutgatan,Ruutikatu,Ruutikatu 10,Krugranden 10,Espoo,Esbo,CityBike Finland,10,24.820635,60.223377,25490058.9888682,6678973.69107084
107,769,Tiurintie,Tiurisvägen,Tiurintie,Kurkijoentie 1,Kronoborgsvägen 1,Espoo,Esbo,CityBike Finland,12,24.814562,60.204951,25489716.6367988,6676921.67683064
108,900,Orionintie,Orionvägen,Orionintie,Orionintie 3-5,Orionvägen 3-5,Espoo,Esbo,CityBike Finland,20,24.771826,60.180118,25487337.1802734,6674162.32875725
109,901,O'Bike Station,O'Bike Station,O'Bike Station,Rauhalanpuisto 11,Rauhalaparken 11,Espoo,Esbo,CityBike Finland,20,24.742219,60.163412,25485686.8408594,6672307.0812282
110,902,Derby Business Park,Derby Business Park,Derby Business Park,Tarvonsalmenkatu 17,Tarvosundsgatan 17,Espoo,Esbo,CityBike Finland,20,24.835356,60.209017,25490870.8847455,6677371.63537285
111,001,Kaivopuisto,Brunnsparken,Kaivopuisto,Meritori 1,Havstorget 1, , , ,30,24.9502114714031,60.155369615074,25497234.8372991,6671384.15059464
112,002,Laivasillankatu,Skeppsbrogatan,Laivasillankatu,Laivasillankatu 14,Skeppsbrogatan 14, , , ,12,24.9565097715858,60.1609890692806,25497585.0454128,6672009.99485884
113,003,Kapteeninpuistikko,Kaptensskvären,Kapteeninpuistikko,Tehtaankatu 13,Fabriksgatan 13, , , ,16,24.9450181631667,60.1581769029949,25496946.6709573,6671697.15309242
114,004,Viiskulma,Femkanten,Viiskulma,Fredrikinkatu 19,Fredriksgatan  19, , , ,14,24.9417758006418,60.1609858921764,25496766.8873991,6672010.27082291
115,005,Sepänkatu,Smedsgatan,Sepänkatu,Tehtaankatu 25,Fabriksgatan 25, , , ,32,24.9362853002102,60.157948291819,25496461.6807991,6671672.11812285
116,006,Hietalahdentori,Sandvikens torg,Hietalahdentori,Hietalahdenkatu 2,Sandviksgatan 2, , , ,24,24.9296476311878,60.1622283898112,25496093.5738294,6672149.35915385
117,007,Designmuseo,Designmuseet,Design Museum,Korkeavuorenkatu 23,Högbergsgatan 23, , , ,14,24.9459599998806,60.16310319166,25496999.4233992,6672245.97232295
118,008,Vanha kirkkopuisto,Gamla kyrkoparken,Vanha kirkkopuisto,Annankatu 16,Annegatan 16, , , ,24,24.9391145483706,60.1653538465664,25496619.5602119,6672497.05980628
119,009,Erottajan aukio,Skillnadsplatsen,Erottajan aukio,Eteläesplanadi 22,Södra esplanaden 22, , , ,44,24.9441887601673,60.1668948711694,25496901.4321107,6672668.50430707
120,010,Kasarmitori,Kaserntorget,Kasarmitori,Fabianinkatu 13,Fabiansgatan 13, , , ,28,24.9494728793816,60.165017172741,25497194.6394992,6672459.06422298
121,011,Unioninkatu,Unionsgatan,Unioninkatu,Eteläesplanadi 1,Södra esplanaden 1, , , ,22,24.9510226994024,60.1674572921424,25497280.8899993,6672730.86552305
122,012,Kanavaranta,Kanalkajen,Kanavaranta,Kanavaranta 1,Kanalkajen 1, , , ,34,24.9584922784237,60.1684959040351,25497695.6569741,6672846.29853252
123,013,Merisotilaantori,Flottisttorget,Merisotilaantori,Merisotilaantori,Flottisttorget, , , ,24,24.9755284752387,60.1679190540567,25498641.4147702,6672781.55631221
124,014,Senaatintori,Senatstorget,Senate Square,Aleksanterinkatu 22,Alexandersgatan 22, , , ,22,24.9526414004662,60.1691277919118,25497370.8900993,6672916.91892307
125,015,Ritarikatu,Riddaregatan,Ritarikatu,Ritarikatu 7,Riddaregatan 7, , , ,12,24.9555218601895,60.1710906797301,25497530.9459142,6673135.5032027
126,016,Liisanpuistikko,Elisabetsskvären,Liisanpuistikko,Liisankatu 1,Elisabetsgatan 1, , , ,16,24.9613746997628,60.1741821916183,25497856.0479994,6673479.74022317
127,017,Varsapuistikko,Fölskvären,Varsapuistikko,Yrjö-Koskisen katu 1,Yrjö-Koskinens gata 1, , , ,28,24.9494967766807,60.1730909028646,25497196.6541548,6673358.59893091
128,018,Porthania,Porthania,Porthania,Yliopistonkatu 3,Universitetsgatan 3, , , ,30,24.9493081473109,60.1696567475916,25497185.89,6672975.98994859
129,019,Rautatientori / itä,Järnvägstorget/öst,Central Railway Station/East,Rautatientori 1,Järnvägstorget 1, , , ,20,24.9425267992462,60.1708235917114,25496809.5430991,6673106.30232311
130,020,Kaisaniemenpuisto,Kajsaniemiparken,Kaisaniemenpuisto,Bergbominkuja 1,Bergbomsgränden 1, , , ,22,24.9433556359399,60.1732349001278,25496855.7839559,6673374.91893155
131,021,Töölönlahdenkatu,Tölöviksgatan,Töölönlahdenkatu,Elielinaukio 5,Elielplatsen 5, , , ,44,24.9393079129956,60.1721906837527,25496630.9960304,6673258.77695706
132,022,Rautatientori / länsi,Järnvägstorget/väst,Central Railway Station/West,Kaivokatu 1,Brunnsgatan 1, , , ,16,24.9397601000633,60.1706060919732,25496655.9357991,6673082.20642309
133,023,Kiasma,Kiasma,Kiasma,Mannerheiminaukio 1,Mannerheimplatsen 1, , , ,30,24.9374279000749,60.1712578922641,25496526.5384991,6673154.94722312
134,024,Mannerheimintie,Mannerheimvägen,Mannerheimintie,Mannerheiminitie 18,Mannerheimvägen 18, , , ,20,24.9394194995361,60.1690723919948,25496636.8714991,6672911.34632307
135,025,Narinkka,Narinken,Narinkka,Narinkka 1,Narinken 1, , , ,40,24.9346069826026,60.1700420279259,25496369.8114802,6673019.63322129
136,026,Kamppi (M),Kampen (M),Kamppi (M),Fredrikinkatu 44,Fredriksgatan 44, , , ,32,24.9305373005364,60.168609492141,25496143.721799,6672860.25772308
137,027,Eerikinkatu,Eriksgatan,Eerikinkatu,Eerikinkatu 3,Eriksgatan 3, , , ,14,24.9366415937527,60.1677057096398,25496482.5099289,6672759.22195227
138,028,Lastenlehto,Barnlunden,Lastenlehto,Lapinrinne,Lappbrinken, , , ,16,24.9270362659605,60.1657993006509,25495949.0131923,6672547.36958097
139,029,Baana,Banan,Baana,Ruoholahdenkatu 23,Gräsviksgatan 23, , , ,16,24.9225706207902,60.1641173724871,25495700.8585032,6672360.25976732
140,030,Itämerentori,Östersjötorget,Itämerentori,Itämerentori 1,Östersjötorget 1, , , ,40,24.9145164996449,60.1635308918594,25495253.5819987,6672295.46852297
141,031,Marian sairaala,Maria sjukhus,Maria Hospital,Pohjoinen Rautatiekatu 33,Norra Järnvägsgatan 33, , , ,16,24.9227415692015,60.1683228179992,25495710.8982041,6672828.79860263
142,032,Eläinmuseo,Naturhistoriska museet,Finnish Museum of Natural History,Pohjoinen Rautatiekatu 13,Norra Järnvägsgatan 13, , , ,20,24.9318975121431,60.1713588986588,25496219.5508941,6673166.50457222
143,033,Kauppakorkeakoulu,Handelshögskolan,Hanken School of Economics,Lapuankatu 1,Lappogatan 1, , , ,16,24.923839759,60.171202903,25495772.2356351,6673149.61280403
144,034,Kansallismuseo,Nationalmuseum,National Museum,Mannerheimintie 30,Mannerheimvägen 30, , , ,16,24.9328983153441,60.173956898526,25496275.4007311,6673455.90432545
145,035,Cygnaeuksenkatu,Cygnaeusgatan,Cygnaeuksenkatu,Cygnaeuksenkatu 1,Cygnaeusgatan 1, , , ,16,24.9282685568484,60.1741008716685,25496018.435176,6673472.21522736
146,036,Apollonkatu,Apollogatan,Apollonkatu,Runeberginkatu 43,Runebergsgatan 43, , , ,20,24.9224632983339,60.1760927790452,25495696.4659596,6673694.50814079
147,037,Töölönkatu,Tölögatan,Töölönkatu,Pohjoinen Hesperiankatu 3,Norra Hesperiagatan 3, , , ,18,24.9283525094474,60.1775346191328,25496023.5101327,6673854.78191991
148,038,Töölöntori,Tölötorg,Töölöntori,Töölöntorinkatu 11,Tölötorggatan 11, , , ,16,24.9249700522851,60.1791005171717,25495835.9794685,6674029.45533546
149,039,Ooppera,Nationaloperan,Opera,Mannerheimintie 62,Mannerheimvägen 62, , , ,24,24.9266869997467,60.182552891987,25495931.6937989,6674413.99572338
150,040,Hakaniemi (M),Hagnäs (M),Hakaniemi (M),John Stenberginranta 6,John Stenbergs strand 6, , , ,28,24.9522579797678,60.1780816347447,25497350.3256646,6673914.52855641
151,041,Ympyrätalo,Runda huset,Ympyrätalo,Porthaninrinne 1,Porthansbrinken 1, , , ,36,24.949399999845,60.1808629918822,25497191.9456992,6674224.53242332
152,042,Haapaniemenkatu,Aspnäsgatan,Haapaniemenkatu,Haapaniemenkatu 2,Aspnäsgatan 2, , , ,18,24.9551952848707,60.1831601093456,25497513.7294832,6674480.23427866
153,043,Karhupuisto,Björnparken,Karhupuisto,Agricolankatu 11,Agricolagatan 11, , , ,24,24.9526762998375,60.18428329212,25497374.0374993,6674605.47162339
154,044,Sörnäinen (M),Sörnäs (M),Sörnäinen (M),Vaasanpuistikko 1a,Vaasanpuistikko 1a, , , ,22,24.960554135,60.187712639,25497811.4018355,6674987.26659078
155,045,Brahen kenttä,Braheplan,Brahen kenttä,Helsinginkatu 22,Helsingegatan 22, , , ,20,24.9508131529517,60.1867902883311,25497270.8607061,6674884.86519077
156,046,Diakoniapuisto,Diakoniparken,Diakoniapuisto,Josafatinkatu 12,Josafatsgatan 12, , , ,16,24.9435409604638,60.1869040535812,25496867.3729571,6674897.86316049
157,047,Vanha Kauppahalli,Salutorget,Market Square,Pakkahuoneenlaituri,Packhuskajen, , , ,22,24.9535685411145,60.1652833427097,25497422.0591409,6672488.55266286
158,048,Mastokatu,Mastgatan,Mastokatu,Mastokatu 2,Mastgatan 2, , , ,22,24.9674668165293,60.1647464973781,25498193.6817142,6672428.2787304
159,049,Annankatu,Annankatu,Annankatu,Annankatu 5,Annegatan 5, , , ,16,24.9417379007102,60.1634749245163,25496765.0274777,6672287.58824436
160,050,Melkonkuja,Melkögränd,Melkonkuja,Melkonkuja 1,Melkögränd 1, , , ,12,24.8861093999757,60.1498126916296,25493673.6611983,6670769.43802268
161,051,Itälahdenkatu,Österviksgatan,Itälahdenkatu,Itälahdenkatu 15,Österviksgatan 15, , , ,12,24.8812501991249,60.1506599919369,25493403.9145982,6670864.3150227
162,052,Heikkilänaukio,Heikasplatsen,Heikkilänaukio,Heikkilänaukio 1,Heikasplatsen 1, , , ,20,24.879315899385,60.1540762917607,25493297.1672982,6671245.13592276
163,053,Heikkiläntie,Heikasvägen,Heikkiläntie,Heikkiläntie 7,Heikasvägen 7, , , ,12,24.8850653001728,60.1568169919509,25493617.0218983,6671549.92102281
164,054,Gyldenintie,Gyldénsvägen,Gyldenintie,Gyldenintie 2,Gyldénsvägen 2, , , ,36,24.8766657996794,60.1583841916575,25493150.8761982,6671725.37162286
165,055,Puistokaari,Parksvängen,Puistokaari,Isokaari 30,Storsvängen 30, , , ,16,24.8620200832623,60.1578749328793,25492337.4371865,6671670.24142513
166,056,Luoteisväylä,Nordvästpassagen,Luoteisväylä,Luoteisväylä 17,Nordvästpassagen 17, , , ,12,24.8603118531172,60.1653590878524,25492244.3360341,6672504.28691135
167,057,Lauttasaaren ostoskeskus,Drumsö köpcentrum,Lauttasaari Shopping Center,Lauttasaarentie 26,Drumsövägen 26, , , ,26,24.8828103623042,60.1604153459526,25493492.503724,6671951.05116912
168,058,Lauttasaarensilta,Drumsö bro,Lauttasaarensilta,Lauttasaarentie 5,Drumsövägen 5, , , ,20,24.8899154000946,60.1611858173089,25493887.1865996,6672036.21440274
169,059,Salmisaarenranta,Sundholmsstranden,Salmisaarenranta,Salmisaarenranta 9,Sundholmstranden 9, , , ,28,24.9009334858186,60.164784170294,25494499.603419,6672436.15614902
170,060,Kaapelitehdas,Kabelfabriken,Cable Factory,Tammasaarenlaituri 7,Märaholmskajen 7, , , ,26,24.90279681,60.161252848,25494602.4803317,6672042.56026108
171,061,Länsisatamankatu,Västrahamnsgatan,Länsisatamankatu,Länsisatamankatu 19,Västrahamnsgatan 19, , , ,16,24.9096920006591,60.158927591706,25494985.0035987,6671782.94852286
172,062,Välimerenkatu,Medelhavsgatan,Välimerenkatu,Välimerenkatu 9,Medelhavsgatan 9, , , ,16,24.9162412896547,60.1592963414953,25495348.7515882,6671823.55354397
173,063,Jätkäsaarenlaituri,Busholmskajen,Jätkäsaarenlaituri,Jätkäsaarenlaituri 1,Busholmskajen 1, , , ,24,24.9214896008223,60.1619310923994,25495640.5470989,6672116.74622293
174,064,Tyynenmerenkatu,Stillahavsgatan,Tyynenmerenkatu,Rionkatu 6,Stillhavsgatan 9, , , ,20,24.9203435489542,60.1568077714966,25495576.2218442,6671546.00793736
175,065,Hernesaarenranta,Ärtholmsstranden,Hernesaarenranta,Hylkeenpyytäjänkatu 1a,Säljägargatan 1a, , , ,40,24.9311978237832,60.1535144787873,25496178.6394525,6671178.40873255
176,066,Ehrenströmintie,Ehrenströmsvägen,Ehrenströmintie,Ehrenströmintie 3,Ehrenströmsvägen 3, , , ,20,24.9592122677265,60.1552178275344,25497734.7143734,6671366.89647735
177,067,Perämiehenkatu,Styrmansgatan,Perämiehenkatu,Punavuorenkatu 22,Rödbergsgatan 22, , , ,16,24.9340656851355,60.160087584362,25496338.655091,6671910.58825963
178,068,Albertinkatu,Albertsgatan,Albertinkatu,Albertinkatu 17,Albertsgatan 17, , , ,20,24.9368050446952,60.1618574790512,25496490.9608727,6672107.6323601
179,069,Kalevankatu,Kalevagatan,Kalevankatu,Lapinlahdenkatu 1,Lappviksgatan 1, , , ,16,24.9314215703651,60.1656801793916,25496192.473874,6672533.8367989
180,070,Sammonpuistikko,Samposkvären,Sammonpuistikko,Sammonkatu 3,Sampogatan 3, , , ,14,24.9224112000483,60.1731472920894,25495693.1887989,6673366.33952317
181,071,Hietaniemenkatu,Sanduddsgatan,Hietaniemenkatu,Hiekkarannantie 9,Sandstrandsvägen 9, , , ,24,24.9076704246974,60.1733331469852,25494874.9848204,6673388.09914427
182,072,Eteläinen Hesperiankatu,Södra Hesperiagatan,Eteläinen Hesperiankatu,Eteläinen Hesperiankatu 38,Södrä Hesperiagatan 38, , , ,18,24.9155261617436,60.1755926611589,25495311.3616351,6673639.25966854
183,073,Kesäkatu,Sommargatan,Kesäkatu,Kesäkatu 8,Sommargatan 8, , , ,14,24.91325039954,60.1792966924742,25495185.5897987,6674052.10892329
184,074,Rajasaarentie,Råholmsvägen,Rajasaarentie,Rajasaarentie 6,Råholmsvägen, , , ,16,24.9110579020192,60.1831258058734,25495064.4856813,6674478.89257268
185,075,Korjaamo,Korjaamo,Korjaamo,Töölönkatu 51a,Tölögatan 51a, , , ,20,24.919883700552,60.1838636970684,25495554.3404511,6674560.47808338
186,076,Olympiastadion,Olympiastadion,Olympic Stadium,Toivonkatu 3,Toivogatan 3, , , ,20,24.924961245284,60.1844935075188,25495836.1734458,6674630.31765377
187,077,Nordenskiöldinaukio,Nordenskiöldsplatsen,Nordenskiöldinaukio,Linnankoskenkatu 15-17,Linnankoskigatan 15-17, , , ,16,24.9172924251712,60.1852461094041,25495410.7433366,6674714.67731743
188,078,Messeniuksenkatu,Messeniusgatan,Messeniuksenkatu,Messeniuksenkatu 1a,Messeniusgatan 1a, , , ,20,24.9180102002596,60.1878351921237,25495450.9291988,6675003.09132347
189,079,Uimastadion,Simstadion,Swimming Stadium,Hammarskjöldintie 5,Hammarsköljdsvägen 5, , , ,18,24.9292125301786,60.1892523422817,25496072.6413551,6675160.26473896
190,080,Jäähalli,Ishall,Ice hall,Nordenskiöldinkatu 11,Nordenskiöldsgatan 11, , , ,22,24.9204971353408,60.1893228039601,25495589.1122533,6675168.66551503
191,081,Stenbäckinkatu,Stenbäcksgatan,Stenbäckinkatu,Stenbäckinkatu 9,Stenbäcksgatan 9, , , ,18,24.9123717007068,60.1883090916703,25495138.1563987,6675056.29282349
192,082,Töölöntulli,Tölötull,Töölöntulli,Mannerheimintie 112,Mannerheimvägen 112, , , ,16,24.912893019047,60.1909233737999,25495167.464696,6675347.52594599
193,083,Meilahden sairaala,Mejlans sjukhus,Meilahti Hospital,Haartmaninkatu 4,Haartmansgatan 4, , , ,28,24.9083351006824,60.1902194919139,25494914.4909987,6675269.44492352
194,084,Paciuksenkatu,Paciusgatan,Paciuksenkatu,Mäntytie 2,Tallvägen 2, , , ,14,24.8999261202594,60.1912061418589,25494448.1330608,6675380.05027515
195,085,Jalavatie,Almvägen,Jalavatie,Jalavatie 10,Almvägen 10, , , ,16,24.9057885671904,60.1934470268502,25494773.724096,6675629.2410743
196,086,Kuusitie,Granvägen,Kuusitie,Mannerheimintie 152,Mannerheimvägen 152, , , ,24,24.9018996998812,60.1952451922329,25494558.2911986,6675829.89872362
197,087,Kustaankatu,Gustavsgatan,Kustaankatu,Kustaankatu 4b,Gustafsgatan 4b, , , ,20,24.9559903941467,60.1882073042861,25497558.2258681,6675042.539957
198,088,Kiskontie,Kiskovägen,Kiskontie,Mannerheimintie 99,Mannerheimvägen 99, , , ,20,24.9012350212612,60.1990120683446,25494522.048683,6676249.64225133
199,089,Tilkanvierto,Tilkkalänken,Tilkanvierto,Tilkankatu 41,Tilkgatan 41, , , ,16,24.8992505554038,60.1975748220279,25494411.7369712,6676089.67693754
200,090,Paciuksenkaari,Paciussvängen,Paciuksenkaari,Johannesbergintie 6,Johannesbergsvägen 6, , , ,20,24.8911179001253,60.1944474917836,25493960.0691984,6675741.95992361
201,091,Seurasaari,Fölisön,Seurasaari,Seurasaarentie 15,Fölisövägen 15, , , ,22,24.8847643214706,60.1884345423222,25493606.4532467,6675072.62275889
202,092,Saunalahdentie,Bastuviksvägen,Saunalahdentie,Saunalahdentie 1,Bastuviksvägen 1, , , ,8,24.8791652000743,60.1926665197597,25493296.663856,6675544.6854802
203,093,Torpanranta,Torpanranta,Torpanranta,Laajalahdentie 1,Bredsvikvägen 1, , , ,16,24.8713963007609,60.1948357920888,25492866.1535981,6675787.18992361
204,094,Laajalahden aukio,Bredviksplatsen,Laajalahden aukio,Munkkiniemen puistotie 21,Munksnäs allén 21, , , ,20,24.8763012644261,60.1978706012264,25493138.8727543,6676124.79483817
205,095,Munkkiniemen aukio,Munksnäsplatsen,Munkkiniemen aukio,Munkkiniemen puistotie 1,Munksnäs allén 1, , , ,18,24.8840193884533,60.1967237851281,25493566.7447977,6675996.24474152
206,096,Huopalahdentie,Hoplaksvägen,Huopalahdentie,Huopalahdentie 13,Hoplaksvägen 13, , , ,20,24.8835764865762,60.199732919393,25493542.7689246,6676331.55227557
207,098,Ulvilantie,Ulfsbyvägen,Ulvilantie,Porintie 1,Björneborgsvägen, , , ,12,24.8708784784714,60.2038687140902,25492839.3973322,6676793.65373486
208,099,Muusantori,Musans torg,Muusantori,Muusantori 5,Musanstorg 5, , , ,12,24.8559544008311,60.207119292,25492012.5540979,6677157.53092388
209,100,Teljäntie,Täljevägen,Teljäntie,Ulvilantie 21,Ulfsbyvägen 21, , , ,12,24.8686567195812,60.209690428765,25492717.4772703,6677442.52687069
210,101,Munkkivuoren ostoskeskus,Munkhöjdens köpcentrum,Munkkivuori Shopping Center,Huopalahdentie 20b,Hoplaksvägen 20b, , , ,24,24.8798066035013,60.2059834138688,25493334.9467098,6677028.32954578
211,103,Vihdintie,Vichtisvägen,Vihdintie,Vihdintie 2,Vichtisvägen 2, , , ,16,24.8895209008125,60.2089249922173,25493874.1791984,6677355.12652391
212,104,Kriikunakuja,Krikongränden,Kriikunakuja,Korppaanmäentie 26,Korpasbackavägen 26, , , ,16,24.8916816998729,60.2056784923064,25493993.3971984,6676993.21692384
213,105,Tilkantori,Tilktorget,Tilkantori,Tilkantori 3,Tilktorget 3, , , ,16,24.8933660254613,60.2027828953059,25494086.2774383,6676670.45004686
214,106,Korppaanmäentie,Korpasbackavägen,Korppaanmäentie,Mannerheimintie 170,Mannerheimvägen, , , ,16,24.898929699376,60.2034734922503,25494394.9460985,6676746.90802381
215,107,Tenholantie,Tenalavägen,Tenholantie,Kiskontie 22,Kiskovägen 22, , , ,18,24.9054367957033,60.202377405156,25494755.6349482,6676624.25213696
216,108,Radiokatu,Radiogatan,Radiokatu,Kuuluttajankatu 2,Hallåmansgatan 2, , , ,12,24.9182184498931,60.2050064264488,25495464.8531445,6676916.21971402
217,109,Hertanmäenkatu,Hertabacksgatan,Hertanmäenkatu,Radiokuja 2,Radiogränden 2, , , ,20,24.9223311437335,60.2026940388763,25495692.6169691,6676658.30805259
218,110,Maistraatintori,Magistratstorget,Maistraatintori,Pasilanraitio 10,Böletået 10, , , ,20,24.9248733985577,60.1991509808314,25495833.1569069,6676263.39280952
219,111,Esterinportti,Estersporten,Esterinportti,Pasilanraitio 5,Böletået 5, , , ,20,24.9267808000548,60.1975723919044,25495938.7544989,6676087.39452368
220,112,Rautatieläisenkatu,Järnvägsmannagatan,Rautatieläisenkatu,Ratapihantie 13,Bangårdsvägentie 13, , , ,22,24.9332721002285,60.2014381920031,25496299.242299,6676517.72352375
221,113,Pasilan asema,Böle station,Pasila railway station,Pasilan asema-aukio,Böle station, , , ,40,24.932799079033,60.1982108580315,25496272.6423793,6676158.17465712
222,114,Ratapihantie,Bangårdsvägen,Ratapihantie,Ratapihantie 1,Bangårdsvägentie 1, , , ,20,24.9366332542312,60.1964208157658,25496485.1168028,6675958.52575522
223,115,Venttiilikuja,Ventilgränden,Venttiilikuja,Venttiilikuja  1 & 2,Ventilgränden 1 & 2, , , ,16,24.9415225602343,60.1941915204257,25496756.1011724,6675709.89731419
224,116,Linnanmäki,Borgbacken,Linnanmäki Amusement Park,Viipurinkatu 20,Viborgsgatan 20, , , ,32,24.9401592995968,60.1911410923558,25496680.1694991,6675370.10002353
225,117,Brahen puistikko,Braheskvären,Brahen puistikko,Sturenkatu 12,Sturegatan 12, , , ,12,24.9481257001872,60.1896657985504,25497121.9986981,6675205.35557925
226,118,Fleminginkatu,Flemingsgatan,Fleminginkatu,Aleksis Kiven katu 30,Aleksis Kivis gata 30, , , ,22,24.952206700403,60.1895253157117,25497348.4024257,6675189.53274639
227,119,Gebhardinaukio,Gebhardsplatsen,Gebhardinaukio,Teollisuuskatu 3,Industrigatan 3, , , ,20,24.9550767908172,60.1911804709255,25497507.7620014,6675373.83090203
228,120,Mäkelänkatu,Backasgatan,Mäkelänkatu,Mäkelänkatu 2,Backasgatan 2, , , ,28,24.9633904702172,60.1896359907606,25497968.8906854,6675201.46711855
229,121,Vilhonvuorenkatu,Vilhelmsbergsgatan,Vilhonvuorenkatu,Vilhonvuorenkatu 12,Vilhelmsbergsgatan 12, , , ,16,24.967854123638,60.1864553029206,25498216.3631875,6674846.96036654
230,122,Lintulahdenkatu,Fågelviksgatan,Lintulahdenkatu,Lintulahdenkuja 6,Fågelviksgränden 6, , , ,24,24.962063375375,60.1836809119419,25497894.8818466,6674538.02094226
231,123,Näkinsilta,Näckens bro,Näkinsilta,Sörnäisten rantatie 9,Sörnas strandväg 9, , , ,24,24.9554449266327,60.179750209022,25497527.3260997,6674100.30967232
232,124,Isoisänsilta,Farfarsbron,Isoisänsilta,Capellan puistotie 2,Capellas allé 2, , , ,18,24.9817926053222,60.1826518123339,25498989.6328997,6674422.89802336
233,125,Arielinkatu,Arielgatan,Arielinkatu,Englantilaisaukio,Englandsskvären, , , ,16,24.9797385551711,60.1859217406831,25498875.7610657,6674787.25163072
234,126,Kalasatama (M),Fiskehamnen (M),Kalasatama (M),Hermannin rantatie 2b,Hermanstads strandväg 2b, , , ,24,24.977153892421,60.1875308427268,25498732.4089138,6674966.57726938
235,127,Teurastamo,Teurastamo,Teurastamo,Työpajankatu 2a,Verkstadsgatan 2a, , , ,30,24.9711566503401,60.1896945837642,25498399.7638626,6675207.78174678
236,128,Päijänteentie,Päijännevägen,Päijänteentie,Päijänteentie 1,Päijännevägen 1, , , ,14,24.9642238002852,60.1920575919922,25498015.2702995,6675471.24572356
237,129,Pernajantie,Pernåvägen,Pernajantie,Mäkelänkatu 25,Backasgatan 25, , , ,20,24.9579782365195,60.1942276026523,25497668.9436814,6675713.22276057
238,130,Teollisuuskatu,Industrigatan,Teollisuuskatu,Teollisuuskatu 16,Industrigatan 16, , , ,24,24.9487523997729,60.1934740103444,25497157.0974632,6675629.62230656
239,131,Elimäenkatu,Elimägatan,Elimäenkatu,Elimäenkatu 24,Elimägatan 24, , , ,24,24.9476290451587,60.1962195625714,25497095.0232662,6675935.56846504
240,132,Hollolantie,Hollolavägen,Hollolantie,Hollolantie 2,Hollolavägen 2, , , ,12,24.9546058093258,60.1958861886173,25497481.993449,6675898.13890816
241,133,Paavalinpuisto,Paulusparken,Paavalinpuisto,Hämeentie 96,Tavastvägen 96, , , ,22,24.9614401060515,60.1974798068335,25497861.1941596,6676075.45185119
242,134,Haukilahdenkatu,Gäddviksgatan,Haukilahdenkatu,Haukilahdenkatu 6,Gäddviksgatan 6, , , ,26,24.9676238234156,60.1985338962222,25498204.2446509,6676192.70964884
243,135,Velodrominrinne,Velodromsbrinken,Velodrominrinne,Mäkelänkatu 70,Backasgatan 70, , , ,12,24.9441912064593,60.2010022969661,25496904.7794179,6676468.59604125
244,136,Sofianlehdonkatu,Sofielundsgatan,Sofianlehdonkatu,Isonniitynkatu 7,Storsvängen 7, , , ,12,24.9513635992833,60.2032720921502,25497302.7548993,6676721.17222381
245,137,Arabian kauppakeskus,Arabia köpcentrum,Arabia Shopping Center,Hämeentie 111,Tavastvägen 111, , , ,30,24.9665718240118,60.2027696318957,25498146.1340889,6676664.66610018
246,138,Arabiankatu,Arabiagatan,Arabiankatu,Arabiankatu 7,Arabiagatan 7, , , ,22,24.9770790121958,60.2064915569171,25498728.9875996,6677079.09852386
247,139,Muotoilijankatu,Kairogatan,Kaironkatu,Arabiankatu 21,Tavastvägen 150, , , ,16,24.9797040460124,60.2097104145027,25498874.6609664,6677437.68251841
248,140,Verkatehtaanpuisto,Klädesfabriksparken,Verkatehtaanpuisto,Hämeentie 159,Tavastvägen 159, , , ,14,24.9797491905267,60.2136895158892,25498877.3000598,6677881.01680939
249,141,Intiankatu,Indiagatan,Intiankatu,Intiankatu 20,Indiagatan 20, , , ,16,24.9676246411057,60.207840227695,25498204.7984367,6677229.58129171
250,142,Koskelantie,Forsbyvägen,Koskelantie,Sofianlehdonkatu 13,Sofielundsgatan 13, , , ,14,24.946677279,60.207839984,25497043.275143,6677230.30798661
251,143,Kuikkarinne,Kuikkarinne,Kuikkarinne,Isokaari 10,Storsvängen 10, , , ,12,24.8694297861453,60.1570959878378,25492748.7549619,6671582.61893626
252,144,Käpyläntie,Kottbyvägen,Käpyläntie,Käpyläntie 1,Kottbyvägen 1, , , ,14,24.9588108000086,60.2139042918024,25497716.4957994,6677905.48642402
253,145,Pohjolankatu,Pohjolagatan,Pohjolankatu,Pohjolankatu 1,Pohjolagatan 1, , , ,12,24.9437964005667,60.2134209918355,25496884.0608991,6677852.253124
254,146,Pohjolanaukio,Pohjolaplatsen,Pohjolanaukio,Pohjolankatu 40,Pohjolagatan 40, , , ,16,24.9543597785941,60.2171787502601,25497469.9861252,6678270.47551785
255,147,Käpylän asema,Kottby station,Käpylä station,Panuntie 4,Panuvägen 4, , , ,14,24.9479499152249,60.2208033078251,25497114.9810802,6678674.57204879
256,148,Juhana Herttuan tie,Hertig Johans väg,Juhana Herttuan tie,Antti Korpin tie 3a,Anders Korps väg 3a, , , ,16,24.9664522586218,60.2185249019981,25498140.3952043,6678420.05627804
257,149,Toinen linja,Andra linjen,Toinen linja,Toinen linja 25,Andra linjen 25, , , ,22,24.9445685112105,60.1830009926511,25496924.0215267,6674462.95376911
258,150,Töölönlahden puisto,Tölöviksparken,Töölönlahden puisto,Karamzininranta 4,Karamzins strand  4, , , ,24,24.9350784201451,60.1748578219656,25496396.5099999,6673556.15994859
259,161,Eteläesplanadi,Södra Esplanaden,Eteläesplanadi,Eteläesplanadi 14,Södrä Esplanaden 14, , , ,34,24.9471504600595,60.1671998456303,25497065.8890245,6672702.34780963
260,162,Leppäsuonaukio,Alkärrsplatsen,Leppäsuonaukio,Leppäsuonaukio 1,Alkärrsplatsen 1, , , ,28,24.9265784464228,60.1695846151592,25495924.0636291,6672969.13889174
261,163,Lehtisaarentie,Lövövägen,Lehtisaarentie,Liljasaarentie 1a,Liljeholmsvägen 1a, , , ,12,24.8505039451831,60.1819482497591,25491703.9728233,6674353.7611776
262,200,Länsiterminaali,Västra terminalen,West Terminal,Sammonlaituri,Sampokajen, , , ,24,24.9152135431213,60.1504730320499,25495290.4174987,6670840.5786227
263,201,Länsisatamankuja,Västrahamnsgränden,Länsisatamankuja,Länsisatamankatu 26,Västrahamnsgatan 26, , , ,14,24.9120898275496,60.1569514968019,25495117.8669888,6671562.60247133
264,202,Merihaka,Havshagen,Merihaka,Hakaniemenranta 10,Hagnäskajen 10, , , ,16,24.9585285446676,60.1780749105533,25497698.3404902,6673913.54431611
265,203,Opastinsilta,Semaforbron,Opastinsilta,Opastinsilta 10,Semaforbron 10, , , ,40,24.9381525773313,60.1992657652357,25496569.6888572,6676275.4176295
266,204,A.I. Virtasen aukio,A. I. Virtanens plats,A.I. Virtasen aukio,Gustaf Hällströmin katu 1,Gustaf Hällströms gata 1, , , ,24,24.9620788508104,60.2055418168461,25497897.1393726,6676973.66576442
267,205,Ilmalan asema,Ilmala station,Ilmala Station,Ilmalantori 1,Ilmalatorget 1, , , ,16,24.9222198886664,60.2066264297482,25495686.9630989,6677096.44542386
268,206,Ruskeasuon varikko,Brunakärrs depå,Ruskeasuo depot,Mannerheimintie 117,Mannerheimvägen 117, , , ,14,24.8986678907757,60.2076799515229,25494381.1462985,6677215.59582389
269,207,Vanha Viertotie,Gamla chaussén,Vanha Viertotie,Vanha Viertotie 23,Gamla chaussén 23, , , ,16,24.8816602535719,60.2110752881999,25493438.7534982,6677595.45862396
270,208,Valimotie,Gjuterivägen,Valimotie,Valimotie 1,Gjuterivägen 1, , , ,24,24.8765290693421,60.2159693222985,25493155.2793806,6678141.25225005
271,209,Takomotie,Smedjevägen,Takomotie,Takomotie 29,Smedjevägen 29, , , ,14,24.8710464686467,60.2178996244041,25492851.766906,6678356.89951873
272,210,Pajamäki,Smedjebacka,Pajamäki,Pajamäentie 12,Smedjebackavägen 12, , , ,12,24.8556743832861,60.2188213176358,25491999.8771956,6678461.3544499
273,211,Haagan tori,Haga torg,Haagan tori,Haagan tori 1,Haga torg 1, , , ,16,24.898930057033,60.2121115807155,25494396.4392635,6677709.32687318
274,212,Tunnelitie,Tunnelvägen,Tunnelitie,Tunnelitie 3,Tunnelvägen 3, , , ,14,24.8995694064157,60.2166149334764,25494432.6496059,6678211.01759151
275,213,Huopalahden asema,Hoplaks station,Huopalahti Station,Huopalahden aseman itäinen raittisilta,Hoplaks stations östra järnvägsbro, , , ,20,24.8950577369046,60.2180961357994,25494182.8085656,6678376.43608173
276,214,Valimon asema,Gjuteriets station,Valimo Station,Valimopolku 3,Gjuteristigen 3, , , ,20,24.8758443985049,60.2223022514537,25493118.6511073,6678846.91225406
277,215,Pitäjänmäen asema,Sockenbacka station,Pitäjänmäki Station,Pitäjänmäentie 21,Sockenbackavägen 21, , , ,16,24.8586292857926,60.2243090934475,25492164.9798361,6679072.42535071
278,216,Jännetie,Bågsträngsvägen,Jännetie,Konalantie 6,Kånalavägen 6, , , ,12,24.8535714902996,60.2267575847976,25491885.2731338,6679345.83735033
279,217,Marttila,Martas,Marttila,Vihdintie 302,Vichtisvägen 302, , , ,16,24.8732133049419,60.2271498086552,25492973.8597082,6679387.28467499
280,218,Pohjois-Haagan asema,Norra Haga station,Pohjois-Haaga Station,Pennikuja 2,Penninggränden 2, , , ,16,24.8830806372706,60.2300717042706,25493521.2540579,6679711.82130042
281,219,Näyttelijäntie,Skådespelarvägen,Näyttelijäntie,Kaupintie 3,Krämärvägen 3, , , ,16,24.887547040742,60.2328640962858,25493769.2766772,6680022.50872289
282,220,Ida Aalbergin tie,Ida Aalbergs väg,Ida Aalbergin tie,Näyttelijäntie 14,Skådespelarvägen 14, , , ,18,24.8952023541771,60.2295326765972,25494192.8479429,6679650.63684345
283,221,Thalianaukio,Thaliaplatsen,Thalianaukio,Aino Ackten tie 1,Aino Acktés väg 1, , , ,14,24.8947958642764,60.2253423108921,25494169.5790297,6679183.79868437
284,222,Huovitie,Knektvägen,Huovitie,Huovitie 10,Knektvägen 10, , , ,12,24.9032866466572,60.2219755272546,25494639.5889986,6678807.96542419
285,223,Hämeenlinnanväylä,Tavastehusleden,Hämeenlinnanväylä,Teuvo Pakkalan tie 2,Eliel Saarinens väg 2, , , ,14,24.9028322456731,60.2274510674778,25494615.3015075,6679418.06529131
286,224,Vesakkotie,Snårvägen,Vesakkotie,Männikkötie 11,Talldungevägen 11, , , ,12,24.9266153826484,60.2279595153713,25495933.3426733,6679473.01188557
287,225,Maunula,Månsas,Maunula,Maunulanmäki 2,Månsasbacken 2, , , ,16,24.9325030021006,60.2303828796011,25496259.8850316,6679742.66558471
288,226,Lepolantie,Lepolavägen,Lepolantie,Lepolantie 61,Lepolavägen 61, , , ,14,24.9286046557082,60.2390854029504,25496044.9203763,6680712.49514181
289,227,Kylävoudintie,Byfogdevägen,Kylävoudintie,Kylävoudintie 6,Byfogdevägen 6, , , ,14,24.9525612440734,60.2244037765729,25497370.8648993,6679075.52942424
290,228,Kustaankartano,Gustafsgård,Kustaankartano,Maapadontie 3,Jorddammsvägen 3, , , ,20,24.9487651621964,60.2307028618145,25497161.0244689,6679777.50632622
291,229,Käskynhaltijantie,Ståthållarvägen,Käskynhaltijantie,Hirsipadontie 2,Timmerdammsvägen 2, , , ,18,24.957934116941,60.2332319429452,25497669.2652957,6680058.92787499
292,230,Mäkitorpantie,Kullatorpsvägen,Mäkitorpantie,Kylänvanhimmantie 29,Byäldstevägen 29, , , ,18,24.9603356197765,60.2285300629765,25497802.01,6679534.97994865
293,231,Siltavoudintie,Brofogdegränd,Siltavoudintie,Käskynhaltijantie 22,Ståthållarvägen 22, , , ,16,24.9649692401006,60.2337172192606,25498059.0874143,6680112.76788724
294,232,Oulunkylän asema,Åggelby station,Oulunkylä Station,Oulunkyläntori 2,Åggelbytorget 2, , , ,14,24.9667185624345,60.2291001546027,25498155.7508995,6679598.30192434
295,233,Kirkkoherrantie,Kyrkoherdevägen,Kirkkoherrantie,Kirkkoherrantie 5,Kyrkoherdevägen 5, , , ,10,24.9728193757834,60.2249303574235,25498493.6284996,6679133.56442424
296,234,Otto Brandtin tie,Otto Brandts väg,Otto Brandtin tie,Tulvaniityntie 2,Flödängsvägen 2, , , ,20,24.9781389181685,60.2317840575086,25498788.6945997,6679897.0678244
297,235,Katariina Saksilaisen katu,Katarina av Sachsens gata,Katariina Saksilaisen katu,Katariina Saksilaisen katu 6,Katarina av Sachsens gata 6, , , ,16,24.9844208812225,60.2172068185826,25499136.3899291,6678272.83010902
298,236,Hernepellontie,Ärtåkersvägen,Hernepellontie,Harjannetie 44,Krönvägen 44, , , ,14,24.9886129703087,60.2242412608413,25499368.9086344,6679056.53227181
299,237,Aulangontie,Aulankovägen,Aulangontie,Harjannetie 2,Krönvägen 2, , , ,16,24.9985804201601,60.2302596315427,25499921.3385406,6679727.02232315
300,238,Pihlajamäki,Rönnbacka,Pihlajamäki,Meripihkatie 3,Bärnstensvägen 3, , , ,16,25.0103139042596,60.2345785634218,25500571.4367001,6680208.26522445
301,239,Viikin tiedepuisto,Viks forskarpark,Viikki Science Park,Viikintori,Vikstorget, , , ,28,25.0100484016428,60.2275394155784,25500556.846054,6679423.98782025
302,240,Viikin normaalikoulu,Normalskolan i Vik,Viikki Teacher Training School,Kevättori,Vårtorget, , , ,20,25.0275940265593,60.2274649666156,25501529.164531,6679415.97024299
303,241,Agronominkatu,Agronomgatan,Agronominkatu,Latokartanontori,Ladugårdstorget, , , ,24,25.0328574018929,60.2340530021105,25501820.4770005,6680150.11762444
304,242,Von Daehnin katu,Von Daehns gata,Von Daehnin katu,Von Daehnin katu 14,Von Daehns gata 14, , , ,14,25.0436178847114,60.2303443513437,25502416.9386961,6679737.25920246
305,243,Mustikkamaa,Blåbärslandet,Mustikkamaa,Mustikkamaantie 8,Blåbärslandsvägen 8, , , ,20,24.992105405271,60.181844391759,25499561.9013711,6674332.825856
306,244,Relanderinaukio,Relandersplatsen,Relanderinaukio,Ståhlbergintie 6,Ståhlbergsvägen 6, , , ,16,25.0058079125449,60.1858547331594,25500322.2620515,6674779.62765787
307,245,Kulosaari (M),Brändö (M),Kulosaari (M),Ukko-Pekan porras,Ukko-Pekkas trappstig, , , ,20,25.0064636871854,60.1889293103178,25500358.615309,6675122.18648539
308,246,Tupasaarentie,Stugövägen,Tupasaarentie,Risto Rytin tie 30,Risto Rytis väg 30, , , ,12,25.0153289779219,60.1878871226314,25500850.5022281,6675006.15180467
309,247,Haakoninlahdenkatu,Håkanviksgatan,Haakoninlahdenkatu,Koirasaarentie 33,Hundholmsvägen 33, , , ,16,25.0208609553502,60.1688685506822,25501158.1039003,6672887.27582306
310,248,Gunillantie,Gunillavägen,Gunillantie,Koirasaarentie 32,Hundholmsvägen 32, , , ,16,25.0330122371046,60.1719938510831,25501832.5128698,6673235.75681797
311,249,Isosaarentie,Mjölövägen,Isosaarentie,Köökarinkuja 3,Kökargränden 3, , , ,14,25.0450147987503,60.1755054994249,25502498.5096398,6673627.40145068
312,250,Reiherintie,Reihersvägen,Reiherintie,Laajasalontie 13,Degerövägen 13, , , ,12,25.0474962642387,60.1677304952092,25502636.8643007,6672761.24442306
313,251,Laajasalon ostoskeskus,Degerö köpcentrum,Laajasalo shopping center,Yliskylän puistokatu 4,Uppby parkgata 4, , , ,16,25.0519120121374,60.1800091502319,25502880.9393648,6674129.45788917
314,252,Humalniementie,Humleuddsvägen,Humalniementie,Ryytikuja 2,Kryddgränden 2, , , ,14,25.0530603555751,60.1837062881609,25502944.3375294,6674541.42644935
315,253,Tammisalon aukio,Tammelundsplatsen,Tammisalon aukio,Väylänrinne 1,Båtledsbrinken 1, , , ,20,25.0610604378889,60.1916636460758,25503387.4450055,6675428.38255668
316,254,Agnetankuja,Agnetagränden,Agnetankuja,Laivalahdenkaari 24,Båtviksbågen 24, , , ,16,25.0365006704009,60.1872113457581,25502025.2190812,6674931.32080699
317,255,Laivalahden puistotie,Båtsviksallén,Laivalahden puistotie,Laivalahden puistotie 10,Båtsvikallén 10, , , ,16,25.0313242435422,60.1879616899796,25501737.9683199,6675014.77325693
318,256,Herttoniemenranta,Hertonäs strand,Herttoniemenranta,Paasivaarankatu 1,Paasivaaragatan 1, , , ,14,25.0261074895481,60.1902241178364,25501448.4266247,6675266.7168967
319,257,Margareetankuja,Margaretagränden,Margareetankuja,Margareetankuja 4,Margaretagränden 4, , , ,14,25.0372267110383,60.1910267485051,25502065.2633854,6675356.43823754
320,258,Abraham Wetterin tie,Abraham Wetters väg,Abraham Wetterin tie,Sorvaajankatu 1,Svarvaregatan 1, , , ,16,25.0426533906378,60.1927661994999,25502366.1994907,6675550.42218438
321,259,Petter Wetterin tie,Petter Wetters väg,Petter Wetterin tie,Hitsaajankatu 16,Svetsargatan 16, , , ,20,25.0310806077186,60.1931499986426,25501724.1785509,6675592.82493345
322,260,Herttoniemi (M),Hertonäs (M),Herttoniemi (M),Hiihtäjäntie 2,Skidlöparvägen 2, , , ,24,25.0289074357313,60.1946246004701,25501603.5511846,6675757.06377421
323,261,Asentajanpuisto,Montörsparken,Asentajanpuisto,Asentajankatu 8,Montörsgatan 8, , , ,16,25.0424582865295,60.1991534842401,25502354.9184782,6676262.05834425
324,262,Siilitie (M),Igelkottsvägen (M),Siilitie (M),Siilitie 2,Igelkottsvägen 2, , , ,22,25.0451499077688,60.2059412826664,25502503.6901511,6677018.42473542
325,263,Herttoniemen kirkko,Hertonäs kyrka,Herttoniemi Church,Karhutie 11,Björnvägen 11, , , ,16,25.0322254160118,60.1984720937284,25501787.3967252,6676185.81979341
326,264,Eränkävijäntori,Jägartorget,Eränkävijäntori,Hiihtomäentie 39,Skidbacksvägen 39, , , ,16,25.0336255327162,60.2045796219055,25501864.708252,6676866.33302023
327,265,Siilitie 9,Igelkottsvägen 9,Siilitie 9,Siilitie 12,Igelkottsvägen 12, , , ,16,25.0375268074421,60.209453145538,25502080.7452975,6677409.43706371
328,266,Siilitie 13,Igelkottsvägen 13,Siilitie 13,Sopulirinne 2,Lemmelbrinken 2, , , ,14,25.0438403800837,60.2150936967815,25502430.3959964,6678038.09971422
329,267,Roihupelto,Kasåkern,Roihupelto,Viilarintie 6,Filarvägen 6, , , ,16,25.0550878014734,60.2093671231044,25503054.455921,6677400.53576657
330,268,Porolahden koulu,Porovikens skola,Porolahti school,Roihuvuorentie 6b,Kasbergsvägen 6b, , , ,14,25.0535809447117,60.1955233353498,25502972.1568811,6675858.05175051
331,269,Peukaloisentie,Tummelitens väg,Peukaloisentie,Untuvaisentie 2,Dunungens väg 2, , , ,12,25.0585469211702,60.1987082869369,25503247.306932,6676213.13893639
332,270,Tulisuontie,Kaskärrsvägen,Tulisuontie,Roihuvuorentie 25,Kasbergsvägen 25, , , ,16,25.0600755207072,60.2020741769704,25503331.7495279,6676588.22793991
333,271,Prinsessantie,Prinsessvägen,Prinsessantie,Prinsessantie 2,Prinsessvägen 2, , , ,16,25.059863346683,60.2062943134753,25503319.5561795,6677058.4067985
334,272,Marjaniementie,Maruddsvägen,Marjaniementie,Rakettipolku 5,Raketstigen 5, , , ,16,25.076069360708,60.2043248841061,25504218.4684011,6676839.9065238
335,274,Voikukantie,Smörblommevägen,Voikukantie,Kauppakartanonkatu 10,Handelshusgatan 10, , , ,16,25.0867813029403,60.2090159546746,25504811.8178617,6677363.29817383
336,275,Itäkeskus (M),Östra centrum (M),Itäkeskus (M),Tallinnanaukio 2,Revalsplanen 2, , , ,28,25.0759744433382,60.2096186210914,25504212.5259937,6677429.70612993
337,276,Puotinharju,Botbyhöjden,Puotinharju,Turunlinnantie 4,Åbohusvägen 4, , , ,24,25.0824161004374,60.2125560259595,25504569.2854239,6677757.40791332
338,277,Marjaniemi,Marudd,Marjaniemi,Marjaniementie 23,Maruddsvägen 23, , , ,14,25.0863443649103,60.2036199297435,25504788.3769436,6676762.06439126
339,278,Puotilantie,Botbygårdsvägen,Puotilantie,Puotilantie 4,Botbygårdsvägen 4, , , ,14,25.1004180257133,60.2090787864561,25505567.9308525,6677371.37060284
340,279,Puotinkylän kartano,Botby gård,Puotinkylä Manor,Puotilantie 12,Botbygårdsvägen 12, , , ,16,25.1062099916086,60.2125374414988,25505888.4609019,6677757.22186168
341,280,Puotilan ostoskeskus,Botby köpcentrum,Puotila shopping center,Klaavuntie 11,Klåvusvägen 11, , , ,14,25.0955595128971,60.2127005636951,25505297.9544014,6677774.493924
342,281,Puotila (M),Botby gård (M),Puotila (M),Vanhanlinnantori,Vanhalinnatorget, , , ,20,25.0910915854205,60.2148242972699,25505049.9198117,6678010.76131951
343,282,Karhulantie,Karhulavägen,Karhulantie,Kiviportintie 2,Stenportsvägen 2, , , ,12,25.1022019197012,60.2187064270041,25505665.1826992,6678444.19390168
344,283,Alakiventie,Understensvägen,Alakiventie,Alakiventie 4,Understensvägen 4, , , ,14,25.0772822325582,60.2198397844715,25504283.7053366,6678568.59018275
345,284,Myllypuro (M),Kvarnbäcken (M),Myllypuro (M),Kivensilmänkuja 1,Kvarnögsgränden 1, , , ,28,25.0753901685843,60.2240882550803,25504178.2888639,6679041.81651989
346,285,Orpaanporras,Lättan,Orpaanporras,Orpaanporras 14,Lättan 14, , , ,14,25.0654178214231,60.22354882948,25503625.6591547,6678981.1263809
347,286,Mamsellimyllynkatu,Mamsellskvarnsgatan,Mamsellimyllynkatu,Mamsellimyllynkatu 26,Mamsellkvarnsgatan 26, , , ,16,25.0591030723076,60.2182457763173,25503276.2051801,6678389.9512951
348,290,Vallilan varikko,Vallgårds depå,Vallilan varikko,Hämeentie 86,Tavastvägen 86, , , ,20,24.9628231422149,60.1952459460233,25497937.7670392,6675826.5208985
349,291,Itäkeskus Metrovarikko,Östrä Centrum depå,Itäkeskus Metrovarikko,Metrovarikonkuja 6,Metrodepågränden 6, , , ,16,25.0657818190343,60.2114607347613,25503647.1750746,6677634.34000752
350,292,Koskelan varikko,Forsby depå,Koskelan varikko,Valtimontie 10,Valtimovägen 10, , , ,16,24.9698571193553,60.2125872907979,25498328.8299959,6677758.420727
351,293,Korkeasaari,Högholmen,Korkeasaari,Mustikkamaanpolku 12,Blåbärslandsstigen 12, , , ,16,24.9825269338023,60.1799061320186,25499030.3014102,6674116.9760537
352,294,Postipuisto,Postipuisto,Postipuisto,Niittylänpolku 16,Ängsskogsstigen 16, , , ,18,24.9337369553808,60.2203012590912,25496327.1327515,6678619.34175975
353,301,Aurinkotuulenkatu,Solvindsgatan,Aurinkotuulenkatu,Solvikinkatu 21,Solviksgatan 21, , , ,30,25.1593463483962,60.202773395376,25508837.0524769,6676675.27990241
354,302,Sumukuja,Dimgränden,Sumukuja,Sumukuja 2,Dimgränden 2, , , ,18,25.1584093750563,60.2054467315293,25508784.375117,6676973.00603751
355,303,Leikosaarentie,Lekholmsvägen,Leikosaarentie,Leikosaarentie 25,Lekholmsvägen 25, , , ,16,25.1515462608624,60.2046812958719,25508403.9867207,6676886.83123252
356,304,Aurinkolahdenaukio,Solviksplatsen,Aurinkolahdenaukio,Aurinkoranta 8,Solstranden 8, , , ,24,25.1501135293384,60.2011360782064,25508325.4328448,6676491.65740076
357,305,Kalkkihiekantie,Kalksandsvägen,Kalkkihiekantie,Kalkkihiekantie 1,Kalksandsvägen 1, , , ,16,25.1430402936212,60.202124196154,25507932.9066754,6676600.87821233
358,306,Kauppakeskus Columbus,Köpcentrum Columbus,Shopping Center Columbus,Valkopaadentie 1,Vithällsvägen 1, , , ,20,25.1455043565057,60.2063719022092,25508068.5186163,6677074.4374091
359,315,Vuosaaren liikuntapuisto,Nordsjö idrottspark,Vuosaaren liikuntapuisto,Pallokuja 4,Bollgränden 4, , , ,18,25.1534645734222,60.2122976062757,25508508.3939768,6677735.65291041
360,308,Mosaiikkitori,Mosaiktorget,Mosaiikkitori,Mosaiikkitori 1,Mosaiktorget 1, , , ,24,25.143852587603,60.2079753561922,25507976.5354467,6677252.88651985
361,309,Kaivonkatsojanpuisto,Brunnsökarparken,Kaivonkatsojanpuisto,Kaivonkatsojantie 5,Brunnsökarvägen 5, , , ,18,25.1359993335263,60.2044047701442,25507541.8973402,6676854.14453105
362,310,Halkaisijantie,Klyvarvägen,Halkaisijantie,Halkaisijantie 4,Klyvarvägen 4, , , ,18,25.1279098203443,60.2023869312805,25507093.7260892,6676628.42922801
363,311,Ramsinniementie,Ramsöuddsvägen,Ramsinniementie,Ramsinniementie 1,Ramsöuddsvägen 1, , , ,18,25.1199060794359,60.1995636503578,25506650.4197518,6676313.03875102
364,312,Meri-Rastilan tori,Havsrastböletorget,Meri-Rastilan tori,Meri-Rastilan kuja 2,Havsrastbölegränden 2, , , ,16,25.1194224144705,60.2041542257304,25506622.6688866,6676824.45179136
365,313,Rastila (M),Rastnöle (M),Rastila (M),Karavaanisilta 3,Karavanbron 3, , , ,16,25.1201408621083,60.2055354689175,25506662.2309333,6676978.41616416
366,314,Lokitie,Loggvägen,Lokitie,Vuosaarentie 1,Nordsjövägen 1, , , ,18,25.1365036011866,60.2095580685415,25507568.6745804,6677428.36026877
367,316,Punakiventie,Rödstensvägen,Punakiventie,Punakiventie 12,Rödstensvägen 12, , , ,16,25.1467500568672,60.2140014852962,25508135.7056967,6677924.64538647
368,317,Haapasaarentie,Aspholmsvägen,Haapasaarentie,Marielundinaukio 1,Marielundsplatsen 1, , , ,18,25.146787178183,60.2187766341847,25508136.580701,6678456.67686176
369,318,Vuosaaren puistopolku,Nordsjö parkstig,Vuosaaren puistopolku,Mustalahdenpolku 2,Svartviksstigen 2, , , ,14,25.1410953624725,60.221320897051,25507820.4713102,6678739.46012486
370,319,Purjetie,Segelvägen,Purjetie,Kallvikintie,Kallviksvägen, , , ,18,25.1338286912921,60.2196483224979,25507418.0807975,6678552.27006302
371,320,Koukkusaarentie,Krokholmsvägen,Koukkusaarentie,Kallvikintie,Kallviksvägen, , , ,16,25.1342325127583,60.213980722047,25507441.7484463,6677920.85521719
372,321,Vartioharjuntie,Botåsvägen,Vartioharjuntie,Vartioharjuntie 13,Botåsvägen 13, , , ,14,25.110914414719,60.2208894708644,25506147.71845,6678688.19927035
373,322,Rukatunturintie,Rukatunturivägen,Rukatunturintie,Mellunmäentie 27,Mellungsbackavägen 27, , , ,14,25.1275969785102,60.2312813452731,25507070.1539156,6679847.69062416
374,323,Sallatunturintie,Sallatunturivägen,Sallatunturintie,Sallatunturintie 2,Sallatunturivägen 2, , , ,16,25.118300016596,60.2367409143469,25506553.9190199,6680455.01515664
375,325,Mellunmäki (M),Mellungsbacka (M),Mellunmäki (M),Pallaksentie 3,Pallasvägen 3, , , ,20,25.1098747367064,60.2385353540219,25506086.8190014,6680654.13800754
376,324,Sinkilätie,Märlvägen,Sinkilätie,Untamalantie 2,Untamalavägen 2, , , ,16,25.1110602327979,60.2329614527257,25506153.537803,6680033.22514478
377,327,Humikkalankuja,Humikkalagränd,Humikkalankuja,Rintinpolku 2,Grindstigen 2, , , ,16,25.0900641525363,60.2298249948271,25504990.6809077,6679682.00070666
378,328,Lallukankuja,Lallukkagränden,Lallukankuja,Lallukankuja 1,Lallukkagränden 1, , , ,12,25.082971174464,60.2235265780465,25504598.5233906,6678979.74067928
379,329,Kurkimäki,Tranbacka,Kurkimäki,Kurkimäentie 3,Tranbackavägen 3, , , ,16,25.0716416497357,60.2282903943644,25503970.0296326,6679509.77103044
380,330,Kontula (M),Gårdsbacka (M),Kontula (M),Kontulankaari 1,Gårdsbackabågen 1, , , ,20,25.0826095549619,60.2360953526154,25504576.7287165,6680380.0797079
381,326,Tuukkalantie,Tuukkalavägen,Tuukkalantie,Aarteenetsijäntie 10,Skattsökarvägen 10, , , ,16,25.1007232150956,60.2388442456374,25505579.7925673,6680687.74472235
382,331,Lettopolku,Gungflystigen,Lettopolku,Lettopolku 2,Gungflystigen 2, , , ,16,25.0855297731565,60.240913939764,25504737.8186612,6680917.15477721
383,332,Kontulankaari,Gårdsbackabågen,Kontulankaari,Kontulankaari 7,Gårdsbackabågen 7, , , ,16,25.076226580763,60.2438416352054,25504222.102956,6681242.71639547
384,333,Kivikonkaari,Stensbölebågen,Kivikonkaari,"Kontulankaari 8, toinen puoli","Gårdsbackabågen 8, andra sidan", , , ,14,25.0746433427518,60.2399042915928,25504134.9053831,6680803.93174656
385,334,Varustuksentie,Rustningsvägen,Varustuksentie,Varustuksentie 1,Rustningsvägen 1, , , ,14,25.0668572558023,60.2391310073666,25503703.6785737,6680717.31291719
386,335,Kurkimäentie,Tranbackavägen,Kurkimäentie,Kivikonkaari 30,Stensbölebågen 30, , , ,16,25.0626083649392,60.2331943880568,25503468.9310486,6680055.64615657
387,336,Kivikonlaita,Stensbölekanten,Kivikonlaita,Kivikonlaita 2,Stensbölekanten 2, , , ,16,25.0549152254879,60.230462178329,25503042.9319115,6679750.8542746
388,337,Kivikon liikuntapuisto,Stensböle idrottspark,Kivikko sports park,Savikiekontie 6,Lerduvevägen 6, , , ,16,25.0524695830581,60.23703581972,25502906.8331323,6680483.15436253
389,338,Jakomäentie,Jakobackavägen,Jakomäentie,Jakomäentie 18,Jakobackavägen 18, , , ,16,25.0743775866131,60.2537712252939,25504118.442468,6682348.91929957
390,340,Jakomäki,Jakobacka,Jakomäki,Jakomäenkuja 2,Jakobackagränden 2, , , ,16,25.0759055985793,60.2610194104155,25504202.1227327,6683156.58379093
391,339,Alppikylä,Alpbyn,Alppikylä,Tattariharjuntie 51,Tattaråsvägen 51, , , ,14,25.0648942053969,60.259431119227,25503592.7078063,6682978.97132823
392,341,Heikinlaakso,Henriksdal,Heikinlaakso,Vanha Porvoontie 32,Gamla Borgåvägen 32, , , ,16,25.0727127107009,60.2701965544061,25504024.2382169,6684178.8722422
393,342,Puistolan VPK,Parkstads FBK,Puistolan VPK,Puistolan raitti 5,Parkstads bygata 5, , , ,18,25.0575355661699,60.2700856600164,25503184.2798486,6684165.68767318
394,343,Puistolantori,Parkstads torg,Puistolantori,Puistolantori 1,Parkstads torg 1, , , ,12,25.0458546004102,60.2743699271658,25502537.4704244,6684642.52085817
395,344,Puistolan asema,Parkstad järnvägsstation,Puistolan asema,Tapulikaupungintie 1,Stapelstadsvägen 1, , , ,16,25.0343501212405,60.2751896029642,25501900.7959453,6684733.45967084
396,346,Maatullinkuja,Landtullsgränden,Maatullinkuja,Maatullinkuja 17,Landtullsgränden 17, , , ,18,25.0246919817259,60.2762367892689,25501366.3101563,6684849.89484807
397,347,Sateenkaarentie,Regnbågsvägen,Sateenkaarentie,Suutarilantie 60,Skomakarbölevägen 60, , , ,18,25.0110629825049,60.2807560752423,25500612.0764582,6685353.21581241
398,348,Siltamäki,Brobacka,Siltamäki,Jousimiehentie 3,Skyttens väg 3, , , ,12,24.9893966166804,60.2744670938261,25499413.2389568,6684652.51224818
399,349,Töyrynummentie,Lidmalmsvägen,Töyrynummentie,Töyrynummentie 2,Lidmalmsvägen 2, , , ,16,25.0039702918602,60.2719623839468,25500219.721441,6684373.40465384
400,350,Töyrynummi,Lidamalmen,Töyrynummi,Pertunpellontie 4,Bertåkersvägen 4, , , ,14,24.9929902179008,60.2671467662216,25499612.0119653,6683836.87766441
401,351,Kotinummentie,Hemmalmsvägen,Kotinummentie,Kotinummentie 68,Hemmalmsvägen 68, , , ,16,25.0135723691851,60.2675063004499,25500751.2158002,6683876.99247642
402,345,Porvarintie,Borgarvägen,Porvarintie,Porvarintie 8-10,Borgarvägen 8-10, , , ,16,25.032655333,60.27189034,25501807.195202,6684365.81834936
403,353,Helluntairaitti,Pingststråket,Helluntairaitti,Tasankotie 14,Slättvägen 14, , , ,20,25.0368876017095,60.2632142978322,25502041.9557097,6683399.28483665
404,352,Tapanilan asema,Mosabacka järnvägsstation,Tapanila railway station,Sompiontori 1,Sompiotorget 1, , , ,12,25.0281239739891,60.2633039538104,25501556.8307614,6683409.0350322
405,354,Saniaiskuja,Ormbunksgränden,Saniaiskuja,Saniaiskuja 1,Ormbunksgränden 1, , , ,16,25.0290905800296,60.25909156602,25501610.5451126,6682939.72785072
406,355,Halmetie,Brännvägen,Halmetie,Vanha Tapaninlantie 70,Gamla Staffansbyvägen 70, , , ,16,25.0176577469294,60.2609068068142,25500977.533758,6683141.7517697
407,356,Laulurastaantie,Trastvägen,Laulurastaantie,Laulurastaantie 25,Trastvägen 25, , , ,14,25.0033102423416,60.2608846521727,25500183.2553077,6683139.15717706
408,357,Vanha Tapanilantie,Gamla Staffansbyvägen,Vanha Tapanilantie,Kirkonkyläntie 79,Kyrkobyvägen 79, , , ,16,24.9897538768656,60.2596990442275,25499432.7532105,6683007.10009545
409,358,Syystie,Höstvägen,Syystie,Kirkonkyläntie 34,Kyrkobyvägen 34, , , ,18,24.9986055764439,60.256671174374,25499922.7946688,6682669.7017136
410,359,Malmin sairaala,Malms sjukhus,Malmi Hospital,Kirkonkyläntie 23,Kyrkobyvägen 23, , , ,16,25.0028280196256,60.2541586216461,25500156.5915316,6682389.76412769
411,360,Malmin asema,Malm järnvägsstation,Malmi railway station,Ylä-Malmin tori 3,Övre Malms torg 3, , , ,24,25.0091215694658,60.2523255258372,25500505.1027064,6682185.55841371
412,361,Huhtakuja,Fallåkersgränden,Huhtakuja,Kotinummentie 5,Hemmalmsvägen 5, , , ,16,25.0131080169475,60.2575633298897,25500725.7344784,6682769.17395305
413,362,Teerisuontie,Orrmossevägen,Teerisuontie,Teerisuontie 27,Orrmossevägen 27, , , ,14,25.0214900833646,60.2533940877891,25501189.964683,6682304.77277268
414,364,Ala-Malmin tori,Nedre Malms torg,Ala-Malmin tori,Pikkalankatu 5,Pickalagatan 5, , , ,20,25.0132371443462,60.2503063500603,25500733.0458927,6681960.62742889
415,363,Väärämäentie,Vindobackavägen,Väärämäentie,Väärämäentie 2-4,Vindobackavägen 2-4, , , ,12,25.0297267023462,60.2426928298539,25501646.5858376,6681112.65321466
416,365,Karviaistie,Stickelvägen,Karviaistie,Karviaistie 3,Stickelvägen 3, , , ,16,25.0078604417066,60.2468453049551,25500435.341064,6681574.96229917
417,366,Tilketori,Drevtorget,Tilketori,Tilketori 1,Drevtorget 1, , , ,20,25.0039930501515,60.2498265610789,25500221.1301594,6681907.10417894
418,367,Karhusuontie,Björnkärrsvägen,Karhusuontie,Karhusuontie 27,Björnkärrsvägen 27, , , ,14,24.9870649315623,60.2517795830055,25499283.7146241,6682124.76663187
419,372,Jokipellontie,Åfältsvägen,Jokipellontie,Jokipellontie 10,Åfältsvägen 10, , , ,16,24.9833214791834,60.2452177923159,25499076.2344612,6681393.72140437
420,368,Pukinmäen liikuntapuisto,Bocksbacka idrottspark,Pukinmäki sports park,Kenttätie 10,Fältvägen 10, , , ,14,24.9917239060614,60.2477323351629,25499541.6509332,6681673.79489623
421,369,Pukinmäen asema,Bocksbacka järnvägsstation,Pukinmäki railway station,Pukinmäenaukio 4,Bocksbackaplanen 4, , , ,16,24.9939952300621,60.2430864481668,25499667.3949695,6681156.15306053
422,370,Rapakiventie,Örstensvägen,Rapakiventie,Lucina Hagmanin kuja 1,Lucina Hagmans gränd 1, , , ,16,25.0013676173171,60.2393196827549,25500075.7612073,6680736.45935988
423,391,Tollinpolku,Tollsstigen,Tollinpolku,Luutnantinpolku 7a,Juustensvägen 4, , , ,12,24.8677110166808,60.245908525041,25492673.128615,6681477.90696925
424,373,Mikkolantie,Mickelsvägen,Mikkolantie,Mikkolantie 12,Mickelsvägen 12, , , ,16,24.9715442521575,60.2355666358133,25498423.4710316,6680318.64776226
425,374,Etupellonpuisto,Framåkersparken,Etupellonpuisto,Yhdyskunnantie 22,Samhällsvägen 22, , , ,18,24.95944937493,60.2419862673955,25497753.8200945,6681034.24978897
426,375,Piikintie,Piksvägen,Piikintie,Yhdyskunnantie 54,Samhällsvägen 54, , , ,12,24.9581440446396,60.2488559062646,25497682.0006752,6681799.68558876
427,376,Torpparinmäentie,Torparbacksvägen,Torpparinmäentie,Kuusmiehenkaari 5,Sexmansbågen 5, , , ,14,24.9447682689237,60.2568807091704,25496941.9933505,6682694.32630608
428,379,Paloheinän kirjasto,Svedängens bibliotek,Paloheinän kirjasto,Paloheinäntie 22,Svedängsvägen 22, , , ,18,24.9416682057603,60.2495097085073,25496769.6267402,6681873.22253074
429,377,Paloheinän maja,Svedängens stuga,Paloheinän maja,Pakilantie 124,Baggbölevägen 124, , , ,20,24.9183008944604,60.2552356088463,25495476.3518493,6682512.55527131
430,378,Paloheinäntie,Svedängsvägen,Paloheinäntie,Pakilantie 91,Baggbölevägen 91, , , ,16,24.9238580658345,60.2469918098113,25495782.9904549,6681593.69209187
431,380,Pirkkolan liikuntapuisto,Britas idrottspark,Pirkkolan liikuntapuisto,Pirkkolan metsätie 6,Britas skogsväg 6, , , ,14,24.9097508532821,60.232734803775,25494999.5113776,6680006.21438639
432,381,Maununneva,Magnuskärr,Maununneva,Kaarelantie 14,Kårbölevägen 14, , , ,14,24.8989998259643,60.2444085812279,25494405.8134026,6681307.72583176
433,307,Ulappasilta,Fjärdbron,Ulappasilta,Ulappasilta 1,Fjärdbron 1, , , ,18,25.1410458716813,60.2066160428581,25507821.2285236,6677101.10197333
434,382,Hakuninmaa,Håkansåker,Hakuninmaa,Perhekunnantie 8,Husfolksvägen 8, , , ,16,24.8970699007855,60.252967146995,25494300.4062252,6682261.45567434
435,383,Kuninkaantammi,Kungseken,Kuninkaantammi,Kuninkaantammenkierto 22,Kungseksringen 22, , , ,20,24.892757395895,60.259256054776,25494062.7468456,6682962.52422234
436,384,Kalannintie,Kalantivägen,Kalannintie,Kalanninpolku,Kalantistigen, , , ,14,24.8841075429141,60.2528066323977,25493582.6049281,6682244.76173455
437,386,Kannelmäen liikuntapuisto,Gamlas idrottspark,Kannelmäen liikuntapuisto,Kanneltie 12,Kantelevägen 12, , , ,16,24.8788004950615,60.2437463425961,25493286.8803475,6681235.82503367
438,385,Pajupillintie,Videlåtsvägen,Pajupillintie,Vanhaistentie 3,Gamlasvägen 3, , , ,16,24.8861026255016,60.2432353029777,25493691.2395261,6681178.16651131
439,387,Kauppakeskus Kaari,Köpcentrum Kaari,Shopping Center Kaari,Kantelettarentie 1,Kanteletarvägen 1, , , ,16,24.8894796721591,60.2363305501839,25493877.0053486,6680408.54683738
440,388,Kaustisentie,Kaustbyvägen,Kaustisentie,Pelimannintie,Spelmansvägen, , , ,16,24.8814517125501,60.2378065223104,25493432.5398259,6680573.76581418
441,389,Kannelmäen asema,Gamlas järnvägsstation,Kannelmäki railway station,Sitratori 2,Cittertorg 2, , , ,20,24.8766472489767,60.2393459909658,25493166.6979716,6680745.775316
442,371,Savela,Lerstrand,Savela,Ratavallintie 6,Banvallsvägen 6, , , ,14,24.9913872585832,60.2404948542171,25499522.9013914,6680867.42302543
443,390,Trumpettikuja,Trumpetgränden,Trumpettikuja,Trumpettitie 3,Trumpetvägen 3, , , ,16,24.869109999497,60.2391561100934,25492749.1196612,6680725.42371125
444,392,Viljelijäntie,Odlarvägen,Viljelijäntie,Viljelijäntie 5,Odlarvägen 5, , , ,16,24.8572979635334,60.2432334444678,25492095.7541742,6681181.06104705
445,393,Malminkartanon asema,Malmgård järnvägsstation,Malminkartano railway station,Luutnantinaukio,Löjtnantsplatsen, , , ,20,24.8631156423813,60.2478178576762,25492419.0536844,6681691.15680416
446,394,Tuohipolku,Näverstigen,Tuohipolku,Tuohipolku 1,Näverstigen 1, , , ,12,24.8574322593556,60.2515646859168,25492105.1980313,6682109.28112391
447,395,Honkasuo,Hongasmossa,Honkasuo,Naapuripellontie 27,Naboängsvägen 27, , , ,16,24.8465809743929,60.255557476007,25491505.3344347,6682555.4909122
448,396,Malminkartanonhuippu,Malmgårdstoppen,Malminkartano Hill,Naapuripellontie 7,Naboängsvägen 7, , , ,12,24.8486486878388,60.2504077926351,25491618.5057158,6681981.46746278
449,397,Hankasuontie,Hankmossvägen,Hankasuontie,Malminkartanontie 2,Malmgårdsvägen, , , ,16,24.8475860266275,60.2447437736882,25491558.2005833,6681350.53895172
450,398,Ajomiehentie,Körkarlsvägen,Ajomiehentie,Ajomiehentie 1,Körkarlsvägen 1, , , ,20,24.8512905063639,60.2388821009165,25491761.9099652,6680696.98557679
451,399,Vähäntuvantie,Lillstuvägen,Vähäntuvantie,Kylväjäntie 12,Såningsmansvägen 12, , , ,14,24.846165047021,60.2324510345281,25491476.3041737,6679981.11214288
452,400,Kuusisaari,Granö,Kuusisaari,Kuusisaarenpolku 1,Granöstigen 1, , , ,16,24.8567965996401,60.1845083389847,25492053.7910451,6674638.22021182
453,401,Koivusaari (M),Björkholmens metrostation,Koivusaari metro station,Sotkatie 11,Dykandsvägen 11, , , ,16,24.8551642686834,60.1633863116225,25491958.0539138,6672285.1058267
454,402,Bermudankuja,Bermudagränden,Välimerenkatu,Atlantinkatu 10,Atlantgatan 10, , , ,16,24.9101421129463,60.1549042600429,25495009.3894996,6671334.65541574
455,403,Verkkosaari,Nätholmen,Verkkosaari,Tukkutorinkuja 3,Partitorgsgränden, , , ,20,24.9775480765957,60.1895561753156,25498754.3565105,6675192.22317349
456,404,Sompasaari,Sumparn,Sompasaari,Sompasaarenlaituri 2,Sumparkajen 2, , , ,14,24.9760758238593,60.1829308185667,25498672.4077932,6674454.08480617
457,405,Jollas,Jollas,Jollas,Jollaksentie 33,Jollasvägen 33, , , ,16,25.0616678668253,60.1644074899774,25503423.9789361,6672391.66173877
